functional,1039-01-01T00:00:00,"""1039-01-01T23:00:00.000Z""",1039-01-01T00:00:00,"""1039-01-01T23:00:00.000Z""",978,1_residential,1,1,http://ovc.catastro.meh.es/OVCServWeb/OVCWcfLibres/OVCFotoFachada.svc/RecuperarFotoFachadaGet?ReferenciaCatastral=7143406VG4174C,https://www1.sedecatastro.gob.es/CYCBienInmueble/OVCListaBienes.aspx?rc1=7143406&rc2=VG4174C,345 m2,345
functional,1299-01-01T00:00:00,"""1299-01-01T23:00:00.000Z""",1299-01-01T00:00:00,"""1299-01-01T23:00:00.000Z""",718,,1,0,http://ovc.catastro.meh.es/OVCServWeb/OVCWcfLibres/OVCFotoFachada.svc/RecuperarFotoFachadaGet?ReferenciaCatastral=8350101VG4185A,https://www1.sedecatastro.gob.es/CYCBienInmueble/OVCListaBienes.aspx?rc1=8350101&rc2=VG4185A,875 m2,875
functional,1400-01-01T00:00:00,"""1400-01-01T23:00:00.000Z""",1400-01-01T00:00:00,"""1400-01-01T23:00:00.000Z""",617,,1,0,http://ovc.catastro.meh.es/OVCServWeb/OVCWcfLibres/OVCFotoFachada.svc/RecuperarFotoFachadaGet?ReferenciaCatastral=7849028VG4174H,https://www1.sedecatastro.gob.es/CYCBienInmueble/OVCListaBienes.aspx?rc1=7849028&rc2=VG4174H,200 m2,200
functional,1400-01-01T00:00:00,"""1400-01-01T23:00:00.000Z""",1400-01-01T00:00:00,"""1400-01-01T23:00:00.000Z""",617,4_3_publicServices,1,0,http://ovc.catastro.meh.es/OVCServWeb/OVCWcfLibres/OVCFotoFachada.svc/RecuperarFotoFachadaGet?ReferenciaCatastral=7849027VG4174H,https://www1.sedecatastro.gob.es/CYCBienInmueble/OVCListaBienes.aspx?rc1=7849027&rc2=VG4174H,300 m2,300
functional,1400-01-01T00:00:00,"""1400-01-01T23:00:00.000Z""",1400-01-01T00:00:00,"""1400-01-01T23:00:00.000Z""",617,4_3_publicServices,1,0,http://ovc.catastro.meh.es/OVCServWeb/OVCWcfLibres/OVCFotoFachada.svc/RecuperarFotoFachadaGet?ReferenciaCatastral=7343010VG4174C,https://www1.sedecatastro.gob.es/CYCBienInmueble/OVCListaBienes.aspx?rc1=7343010&rc2=VG4174C,1519 m2,1519
functional,1400-01-01T00:00:00,"""1400-01-01T23:00:00.000Z""",1400-01-01T00:00:00,"""1400-01-01T23:00:00.000Z""",617,4_3_publicServices,1,0,http://ovc.catastro.meh.es/OVCServWeb/OVCWcfLibres/OVCFotoFachada.svc/RecuperarFotoFachadaGet?ReferenciaCatastral=7048008VG4174G,https://www1.sedecatastro.gob.es/CYCBienInmueble/OVCListaBienes.aspx?rc1=7048008&rc2=VG4174G,1476 m2,1476
functional,1498-01-01T00:00:00,"""1498-01-01T23:00:00.000Z""",1498-01-01T00:00:00,"""1498-01-01T23:00:00.000Z""",519,1_residential,1,1,http://ovc.catastro.meh.es/OVCServWeb/OVCWcfLibres/OVCFotoFachada.svc/RecuperarFotoFachadaGet?ReferenciaCatastral=6761201VG4166B,https://www1.sedecatastro.gob.es/CYCBienInmueble/OVCListaBienes.aspx?rc1=6761201&rc2=VG4166B,290 m2,290
functional,1500-01-01T00:00:00,"""1500-01-01T23:00:00.000Z""",1500-01-01T00:00:00,"""1500-01-01T23:00:00.000Z""",517,,1,0,http://ovc.catastro.meh.es/OVCServWeb/OVCWcfLibres/OVCFotoFachada.svc/RecuperarFotoFachadaGet?ReferenciaCatastral=7857304VG4175H,https://www1.sedecatastro.gob.es/CYCBienInmueble/OVCListaBienes.aspx?rc1=7857304&rc2=VG4175H,263 m2,263
functional,1500-01-01T00:00:00,"""1500-01-01T23:00:00.000Z""",1500-01-01T00:00:00,"""1500-01-01T23:00:00.000Z""",517,4_3_publicServices,1,0,http://ovc.catastro.meh.es/OVCServWeb/OVCWcfLibres/OVCFotoFachada.svc/RecuperarFotoFachadaGet?ReferenciaCatastral=7857303VG4175H,https://www1.sedecatastro.gob.es/CYCBienInmueble/OVCListaBienes.aspx?rc1=7857303&rc2=VG4175H,1532 m2,1532
functional,1500-01-01T00:00:00,"""1500-01-01T23:00:00.000Z""",1500-01-01T00:00:00,"""1500-01-01T23:00:00.000Z""",517,,1,0,http://ovc.catastro.meh.es/OVCServWeb/OVCWcfLibres/OVCFotoFachada.svc/RecuperarFotoFachadaGet?ReferenciaCatastral=7857302VG4175H,https://www1.sedecatastro.gob.es/CYCBienInmueble/OVCListaBienes.aspx?rc1=7857302&rc2=VG4175H,440 m2,440
functional,1500-01-01T00:00:00,"""1500-01-01T23:00:00.000Z""",1500-01-01T00:00:00,"""1500-01-01T23:00:00.000Z""",517,,1,0,http://ovc.catastro.meh.es/OVCServWeb/OVCWcfLibres/OVCFotoFachada.svc/RecuperarFotoFachadaGet?ReferenciaCatastral=7857301VG4175H,https://www1.sedecatastro.gob.es/CYCBienInmueble/OVCListaBienes.aspx?rc1=7857301&rc2=VG4175H,346 m2,346
functional,1500-01-01T00:00:00,"""1500-01-01T23:00:00.000Z""",1500-01-01T00:00:00,"""1500-01-01T23:00:00.000Z""",517,,1,0,http://ovc.catastro.meh.es/OVCServWeb/OVCWcfLibres/OVCFotoFachada.svc/RecuperarFotoFachadaGet?ReferenciaCatastral=7754023VG4175D,https://www1.sedecatastro.gob.es/CYCBienInmueble/OVCListaBienes.aspx?rc1=7754023&rc2=VG4175D,32 m2,32
functional,1500-01-01T00:00:00,"""1500-01-01T23:00:00.000Z""",1500-01-01T00:00:00,"""1500-01-01T23:00:00.000Z""",517,,1,0,http://ovc.catastro.meh.es/OVCServWeb/OVCWcfLibres/OVCFotoFachada.svc/RecuperarFotoFachadaGet?ReferenciaCatastral=7654819VG4175D,https://www1.sedecatastro.gob.es/CYCBienInmueble/OVCListaBienes.aspx?rc1=7654819&rc2=VG4175D,35 m2,35
functional,1500-01-01T00:00:00,"""1500-01-01T23:00:00.000Z""",1500-01-01T00:00:00,"""1500-01-01T23:00:00.000Z""",517,,1,0,http://ovc.catastro.meh.es/OVCServWeb/OVCWcfLibres/OVCFotoFachada.svc/RecuperarFotoFachadaGet?ReferenciaCatastral=7654510VG4175D,https://www1.sedecatastro.gob.es/CYCBienInmueble/OVCListaBienes.aspx?rc1=7654510&rc2=VG4175D,125 m2,125
functional,1500-01-01T00:00:00,"""1500-01-01T23:00:00.000Z""",1500-01-01T00:00:00,"""1500-01-01T23:00:00.000Z""",517,4_3_publicServices,1,0,http://ovc.catastro.meh.es/OVCServWeb/OVCWcfLibres/OVCFotoFachada.svc/RecuperarFotoFachadaGet?ReferenciaCatastral=7551402VG4175B,https://www1.sedecatastro.gob.es/CYCBienInmueble/OVCListaBienes.aspx?rc1=7551402&rc2=VG4175B,569 m2,569
functional,1500-01-01T00:00:00,"""1500-01-01T23:00:00.000Z""",1500-01-01T00:00:00,"""1500-01-01T23:00:00.000Z""",517,4_3_publicServices,1,0,http://ovc.catastro.meh.es/OVCServWeb/OVCWcfLibres/OVCFotoFachada.svc/RecuperarFotoFachadaGet?ReferenciaCatastral=7046201VG4174E,https://www1.sedecatastro.gob.es/CYCBienInmueble/OVCListaBienes.aspx?rc1=7046201&rc2=VG4174E,1858 m2,1858
functional,1508-01-01T00:00:00,"""1508-01-01T23:00:00.000Z""",1508-01-01T00:00:00,"""1508-01-01T23:00:00.000Z""",509,4_3_publicServices,1,0,http://ovc.catastro.meh.es/OVCServWeb/OVCWcfLibres/OVCFotoFachada.svc/RecuperarFotoFachadaGet?ReferenciaCatastral=7247104VG4174G,https://www1.sedecatastro.gob.es/CYCBienInmueble/OVCListaBienes.aspx?rc1=7247104&rc2=VG4174G,4563 m2,4563
functional,1514-01-01T00:00:00,"""1514-01-01T23:00:00.000Z""",1514-01-01T00:00:00,"""1514-01-01T23:00:00.000Z""",503,1_residential,1,1,http://ovc.catastro.meh.es/OVCServWeb/OVCWcfLibres/OVCFotoFachada.svc/RecuperarFotoFachadaGet?ReferenciaCatastral=7446303VG4174E,https://www1.sedecatastro.gob.es/CYCBienInmueble/OVCListaBienes.aspx?rc1=7446303&rc2=VG4174E,4146 m2,4146
functional,1540-01-01T00:00:00,"""1540-01-01T23:00:00.000Z""",1540-01-01T00:00:00,"""1540-01-01T23:00:00.000Z""",477,1_residential,6,6,http://ovc.catastro.meh.es/OVCServWeb/OVCWcfLibres/OVCFotoFachada.svc/RecuperarFotoFachadaGet?ReferenciaCatastral=6848305VG4164H,https://www1.sedecatastro.gob.es/CYCBienInmueble/OVCListaBienes.aspx?rc1=6848305&rc2=VG4164H,770 m2,770
functional,1540-01-01T00:00:00,"""1540-01-01T23:00:00.000Z""",1540-01-01T00:00:00,"""1540-01-01T23:00:00.000Z""",477,4_2_retail,1,0,http://ovc.catastro.meh.es/OVCServWeb/OVCWcfLibres/OVCFotoFachada.svc/RecuperarFotoFachadaGet?ReferenciaCatastral=6848303VG4164H,https://www1.sedecatastro.gob.es/CYCBienInmueble/OVCListaBienes.aspx?rc1=6848303&rc2=VG4164H,36 m2,36
functional,1550-01-01T00:00:00,"""1550-01-01T23:00:00.000Z""",1550-01-01T00:00:00,"""1550-01-01T23:00:00.000Z""",467,4_3_publicServices,1,0,http://ovc.catastro.meh.es/OVCServWeb/OVCWcfLibres/OVCFotoFachada.svc/RecuperarFotoFachadaGet?ReferenciaCatastral=6948004VG4164H,https://www1.sedecatastro.gob.es/CYCBienInmueble/OVCListaBienes.aspx?rc1=6948004&rc2=VG4164H,59 m2,59
functional,1550-01-01T00:00:00,"""1550-01-01T23:00:00.000Z""",1550-01-01T00:00:00,"""1550-01-01T23:00:00.000Z""",467,4_3_publicServices,1,0,http://ovc.catastro.meh.es/OVCServWeb/OVCWcfLibres/OVCFotoFachada.svc/RecuperarFotoFachadaGet?ReferenciaCatastral=6948003VG4164H,https://www1.sedecatastro.gob.es/CYCBienInmueble/OVCListaBienes.aspx?rc1=6948003&rc2=VG4164H,61 m2,61
functional,1550-01-01T00:00:00,"""1550-01-01T23:00:00.000Z""",1550-01-01T00:00:00,"""1550-01-01T23:00:00.000Z""",467,4_3_publicServices,1,0,http://ovc.catastro.meh.es/OVCServWeb/OVCWcfLibres/OVCFotoFachada.svc/RecuperarFotoFachadaGet?ReferenciaCatastral=6948002VG4164H,https://www1.sedecatastro.gob.es/CYCBienInmueble/OVCListaBienes.aspx?rc1=6948002&rc2=VG4164H,25 m2,25
functional,1550-01-01T00:00:00,"""1550-01-01T23:00:00.000Z""",1550-01-01T00:00:00,"""1550-01-01T23:00:00.000Z""",467,4_3_publicServices,1,0,http://ovc.catastro.meh.es/OVCServWeb/OVCWcfLibres/OVCFotoFachada.svc/RecuperarFotoFachadaGet?ReferenciaCatastral=6948001VG4164H,https://www1.sedecatastro.gob.es/CYCBienInmueble/OVCListaBienes.aspx?rc1=6948001&rc2=VG4164H,13734 m2,13734
functional,1600-01-01T00:00:00,"""1600-01-01T23:00:00.000Z""",1600-01-01T00:00:00,"""1600-01-01T23:00:00.000Z""",417,4_3_publicServices,1,0,http://ovc.catastro.meh.es/OVCServWeb/OVCWcfLibres/OVCFotoFachada.svc/RecuperarFotoFachadaGet?ReferenciaCatastral=7443106VG4174C,https://www1.sedecatastro.gob.es/CYCBienInmueble/OVCListaBienes.aspx?rc1=7443106&rc2=VG4174C,6330 m2,6330
functional,1600-01-01T00:00:00,"""1600-01-01T23:00:00.000Z""",1600-01-01T00:00:00,"""1600-01-01T23:00:00.000Z""",417,4_3_publicServices,1,0,http://ovc.catastro.meh.es/OVCServWeb/OVCWcfLibres/OVCFotoFachada.svc/RecuperarFotoFachadaGet?ReferenciaCatastral=7344212VG4174C,https://www1.sedecatastro.gob.es/CYCBienInmueble/OVCListaBienes.aspx?rc1=7344212&rc2=VG4174C,12754 m2,12754
functional,1600-01-01T00:00:00,"""1600-01-01T23:00:00.000Z""",1600-01-01T00:00:00,"""1600-01-01T23:00:00.000Z""",417,4_3_publicServices,1,0,http://ovc.catastro.meh.es/OVCServWeb/OVCWcfLibres/OVCFotoFachada.svc/RecuperarFotoFachadaGet?ReferenciaCatastral=7245802VG4174E,https://www1.sedecatastro.gob.es/CYCBienInmueble/OVCListaBienes.aspx?rc1=7245802&rc2=VG4174E,916 m2,916
functional,1600-01-01T00:00:00,"""1600-01-01T23:00:00.000Z""",1600-01-01T00:00:00,"""1600-01-01T23:00:00.000Z""",417,4_2_retail,1,0,http://ovc.catastro.meh.es/OVCServWeb/OVCWcfLibres/OVCFotoFachada.svc/RecuperarFotoFachadaGet?ReferenciaCatastral=7145609VG4174E,https://www1.sedecatastro.gob.es/CYCBienInmueble/OVCListaBienes.aspx?rc1=7145609&rc2=VG4174E,785 m2,785
functional,1600-01-01T00:00:00,"""1600-01-01T23:00:00.000Z""",1600-01-01T00:00:00,"""1600-01-01T23:00:00.000Z""",417,4_3_publicServices,1,0,http://ovc.catastro.meh.es/OVCServWeb/OVCWcfLibres/OVCFotoFachada.svc/RecuperarFotoFachadaGet?ReferenciaCatastral=6964002VG4166D,https://www1.sedecatastro.gob.es/CYCBienInmueble/OVCListaBienes.aspx?rc1=6964002&rc2=VG4166D,7244 m2,7244
functional,1600-01-01T00:00:00,"""1600-01-01T23:00:00.000Z""",1600-01-01T00:00:00,"""1600-01-01T23:00:00.000Z""",417,4_3_publicServices,1,0,http://ovc.catastro.meh.es/OVCServWeb/OVCWcfLibres/OVCFotoFachada.svc/RecuperarFotoFachadaGet?ReferenciaCatastral=6858108VG4165H,https://www1.sedecatastro.gob.es/CYCBienInmueble/OVCListaBienes.aspx?rc1=6858108&rc2=VG4165H,8849 m2,8849
functional,1675-01-01T00:00:00,"""1675-01-01T23:00:00.000Z""",1675-01-01T00:00:00,"""1675-01-01T23:00:00.000Z""",342,1_residential,10,10,http://ovc.catastro.meh.es/OVCServWeb/OVCWcfLibres/OVCFotoFachada.svc/RecuperarFotoFachadaGet?ReferenciaCatastral=7346217VG4174E,https://www1.sedecatastro.gob.es/CYCBienInmueble/OVCListaBienes.aspx?rc1=7346217&rc2=VG4174E,667 m2,667
functional,1700-01-01T00:00:00,"""1700-01-01T23:00:00.000Z""",1700-01-01T00:00:00,"""1700-01-01T23:00:00.000Z""",317,4_3_publicServices,1,0,http://ovc.catastro.meh.es/OVCServWeb/OVCWcfLibres/OVCFotoFachada.svc/RecuperarFotoFachadaGet?ReferenciaCatastral=7651306VG4175B,https://www1.sedecatastro.gob.es/CYCBienInmueble/OVCListaBienes.aspx?rc1=7651306&rc2=VG4175B,4936 m2,4936
functional,1700-01-01T00:00:00,"""1700-01-01T23:00:00.000Z""",1700-01-01T00:00:00,"""1700-01-01T23:00:00.000Z""",317,4_3_publicServices,1,0,http://ovc.catastro.meh.es/OVCServWeb/OVCWcfLibres/OVCFotoFachada.svc/RecuperarFotoFachadaGet?ReferenciaCatastral=7349207VG4174G,https://www1.sedecatastro.gob.es/CYCBienInmueble/OVCListaBienes.aspx?rc1=7349207&rc2=VG4174G,615 m2,615
functional,1700-01-01T00:00:00,"""1700-01-01T23:00:00.000Z""",1700-01-01T00:00:00,"""1700-01-01T23:00:00.000Z""",317,4_3_publicServices,1,0,http://ovc.catastro.meh.es/OVCServWeb/OVCWcfLibres/OVCFotoFachada.svc/RecuperarFotoFachadaGet?ReferenciaCatastral=7247403VG4174E,https://www1.sedecatastro.gob.es/CYCBienInmueble/OVCListaBienes.aspx?rc1=7247403&rc2=VG4174E,1906 m2,1906
functional,1700-01-01T00:00:00,"""1700-01-01T23:00:00.000Z""",1700-01-01T00:00:00,"""1700-01-01T23:00:00.000Z""",317,1_residential,27,22,http://ovc.catastro.meh.es/OVCServWeb/OVCWcfLibres/OVCFotoFachada.svc/RecuperarFotoFachadaGet?ReferenciaCatastral=6952101VG4165B,https://www1.sedecatastro.gob.es/CYCBienInmueble/OVCListaBienes.aspx?rc1=6952101&rc2=VG4165B,2750 m2,2750
functional,1800-01-01T00:00:00,"""1800-01-01T23:00:00.000Z""",1800-01-01T00:00:00,"""1800-01-01T23:00:00.000Z""",217,1_residential,1,1,http://ovc.catastro.meh.es/OVCServWeb/OVCWcfLibres/OVCFotoFachada.svc/RecuperarFotoFachadaGet?ReferenciaCatastral=7849026VG4174H,https://www1.sedecatastro.gob.es/CYCBienInmueble/OVCListaBienes.aspx?rc1=7849026&rc2=VG4174H,112 m2,112
functional,1800-01-01T00:00:00,"""1800-01-01T23:00:00.000Z""",1800-01-01T00:00:00,"""1800-01-01T23:00:00.000Z""",217,1_residential,1,1,http://ovc.catastro.meh.es/OVCServWeb/OVCWcfLibres/OVCFotoFachada.svc/RecuperarFotoFachadaGet?ReferenciaCatastral=7849025VG4174H,https://www1.sedecatastro.gob.es/CYCBienInmueble/OVCListaBienes.aspx?rc1=7849025&rc2=VG4174H,456 m2,456
functional,1800-01-01T00:00:00,"""1800-01-01T23:00:00.000Z""",1800-01-01T00:00:00,"""1800-01-01T23:00:00.000Z""",217,4_1_office,1,0,http://ovc.catastro.meh.es/OVCServWeb/OVCWcfLibres/OVCFotoFachada.svc/RecuperarFotoFachadaGet?ReferenciaCatastral=7849024VG4174H,https://www1.sedecatastro.gob.es/CYCBienInmueble/OVCListaBienes.aspx?rc1=7849024&rc2=VG4174H,594 m2,594
functional,1800-01-01T00:00:00,"""1800-01-01T23:00:00.000Z""",1800-01-01T00:00:00,"""1800-01-01T23:00:00.000Z""",217,1_residential,1,1,http://ovc.catastro.meh.es/OVCServWeb/OVCWcfLibres/OVCFotoFachada.svc/RecuperarFotoFachadaGet?ReferenciaCatastral=7849023VG4174H,https://www1.sedecatastro.gob.es/CYCBienInmueble/OVCListaBienes.aspx?rc1=7849023&rc2=VG4174H,386 m2,386
functional,1800-01-01T00:00:00,"""1800-01-01T23:00:00.000Z""",1800-01-01T00:00:00,"""1800-01-01T23:00:00.000Z""",217,1_residential,1,1,http://ovc.catastro.meh.es/OVCServWeb/OVCWcfLibres/OVCFotoFachada.svc/RecuperarFotoFachadaGet?ReferenciaCatastral=7849021VG4174H,https://www1.sedecatastro.gob.es/CYCBienInmueble/OVCListaBienes.aspx?rc1=7849021&rc2=VG4174H,148 m2,148
functional,1800-01-01T00:00:00,"""1800-01-01T23:00:00.000Z""",1800-01-01T00:00:00,"""1800-01-01T23:00:00.000Z""",217,1_residential,1,1,http://ovc.catastro.meh.es/OVCServWeb/OVCWcfLibres/OVCFotoFachada.svc/RecuperarFotoFachadaGet?ReferenciaCatastral=7849019VG4174H,https://www1.sedecatastro.gob.es/CYCBienInmueble/OVCListaBienes.aspx?rc1=7849019&rc2=VG4174H,242 m2,242
functional,1800-01-01T00:00:00,"""1800-01-01T23:00:00.000Z""",1800-01-01T00:00:00,"""1800-01-01T23:00:00.000Z""",217,1_residential,1,1,http://ovc.catastro.meh.es/OVCServWeb/OVCWcfLibres/OVCFotoFachada.svc/RecuperarFotoFachadaGet?ReferenciaCatastral=7849017VG4174H,https://www1.sedecatastro.gob.es/CYCBienInmueble/OVCListaBienes.aspx?rc1=7849017&rc2=VG4174H,762 m2,762
functional,1800-01-01T00:00:00,"""1800-01-01T23:00:00.000Z""",1800-01-01T00:00:00,"""1800-01-01T23:00:00.000Z""",217,1_residential,1,1,http://ovc.catastro.meh.es/OVCServWeb/OVCWcfLibres/OVCFotoFachada.svc/RecuperarFotoFachadaGet?ReferenciaCatastral=7849016VG4174H,https://www1.sedecatastro.gob.es/CYCBienInmueble/OVCListaBienes.aspx?rc1=7849016&rc2=VG4174H,408 m2,408
functional,1800-01-01T00:00:00,"""1800-01-01T23:00:00.000Z""",1800-01-01T00:00:00,"""1800-01-01T23:00:00.000Z""",217,1_residential,1,1,http://ovc.catastro.meh.es/OVCServWeb/OVCWcfLibres/OVCFotoFachada.svc/RecuperarFotoFachadaGet?ReferenciaCatastral=7849014VG4174H,https://www1.sedecatastro.gob.es/CYCBienInmueble/OVCListaBienes.aspx?rc1=7849014&rc2=VG4174H,604 m2,604
functional,1800-01-01T00:00:00,"""1800-01-01T23:00:00.000Z""",1800-01-01T00:00:00,"""1800-01-01T23:00:00.000Z""",217,1_residential,1,1,http://ovc.catastro.meh.es/OVCServWeb/OVCWcfLibres/OVCFotoFachada.svc/RecuperarFotoFachadaGet?ReferenciaCatastral=7849013VG4174H,https://www1.sedecatastro.gob.es/CYCBienInmueble/OVCListaBienes.aspx?rc1=7849013&rc2=VG4174H,818 m2,818
functional,1800-01-01T00:00:00,"""1800-01-01T23:00:00.000Z""",1800-01-01T00:00:00,"""1800-01-01T23:00:00.000Z""",217,1_residential,1,1,http://ovc.catastro.meh.es/OVCServWeb/OVCWcfLibres/OVCFotoFachada.svc/RecuperarFotoFachadaGet?ReferenciaCatastral=7849011VG4174H,https://www1.sedecatastro.gob.es/CYCBienInmueble/OVCListaBienes.aspx?rc1=7849011&rc2=VG4174H,308 m2,308
functional,1800-01-01T00:00:00,"""1800-01-01T23:00:00.000Z""",1800-01-01T00:00:00,"""1800-01-01T23:00:00.000Z""",217,1_residential,1,1,http://ovc.catastro.meh.es/OVCServWeb/OVCWcfLibres/OVCFotoFachada.svc/RecuperarFotoFachadaGet?ReferenciaCatastral=7849010VG4174H,https://www1.sedecatastro.gob.es/CYCBienInmueble/OVCListaBienes.aspx?rc1=7849010&rc2=VG4174H,341 m2,341
functional,1800-01-01T00:00:00,"""1800-01-01T23:00:00.000Z""",1800-01-01T00:00:00,"""1800-01-01T23:00:00.000Z""",217,4_3_publicServices,1,0,http://ovc.catastro.meh.es/OVCServWeb/OVCWcfLibres/OVCFotoFachada.svc/RecuperarFotoFachadaGet?ReferenciaCatastral=7745001VG4174F,https://www1.sedecatastro.gob.es/CYCBienInmueble/OVCListaBienes.aspx?rc1=7745001&rc2=VG4174F,861 m2,861
functional,1800-01-01T00:00:00,"""1800-01-01T23:00:00.000Z""",1800-01-01T00:00:00,"""1800-01-01T23:00:00.000Z""",217,1_residential,1,1,http://ovc.catastro.meh.es/OVCServWeb/OVCWcfLibres/OVCFotoFachada.svc/RecuperarFotoFachadaGet?ReferenciaCatastral=7449659VG4174G,https://www1.sedecatastro.gob.es/CYCBienInmueble/OVCListaBienes.aspx?rc1=7449659&rc2=VG4174G,1380 m2,1380
functional,1800-01-01T00:00:00,"""1800-01-01T23:00:00.000Z""",1800-01-01T00:00:00,"""1800-01-01T23:00:00.000Z""",217,4_3_publicServices,1,0,http://ovc.catastro.meh.es/OVCServWeb/OVCWcfLibres/OVCFotoFachada.svc/RecuperarFotoFachadaGet?ReferenciaCatastral=7253118VG4175C,https://www1.sedecatastro.gob.es/CYCBienInmueble/OVCListaBienes.aspx?rc1=7253118&rc2=VG4175C,800 m2,800
functional,1800-01-01T00:00:00,"""1800-01-01T23:00:00.000Z""",1800-01-01T00:00:00,"""1800-01-01T23:00:00.000Z""",217,4_3_publicServices,1,0,http://ovc.catastro.meh.es/OVCServWeb/OVCWcfLibres/OVCFotoFachada.svc/RecuperarFotoFachadaGet?ReferenciaCatastral=7253103VG4175C,https://www1.sedecatastro.gob.es/CYCBienInmueble/OVCListaBienes.aspx?rc1=7253103&rc2=VG4175C,5379 m2,5379
functional,1800-01-01T00:00:00,"""1800-01-01T23:00:00.000Z""",1800-01-01T00:00:00,"""1800-01-01T23:00:00.000Z""",217,4_3_publicServices,1,0,http://ovc.catastro.meh.es/OVCServWeb/OVCWcfLibres/OVCFotoFachada.svc/RecuperarFotoFachadaGet?ReferenciaCatastral=6955013VG4165D,https://www1.sedecatastro.gob.es/CYCBienInmueble/OVCListaBienes.aspx?rc1=6955013&rc2=VG4165D,182 m2,182
functional,1800-01-01T00:00:00,"""1800-01-01T23:00:00.000Z""",1800-01-01T00:00:00,"""1800-01-01T23:00:00.000Z""",217,1_residential,9,8,http://ovc.catastro.meh.es/OVCServWeb/OVCWcfLibres/OVCFotoFachada.svc/RecuperarFotoFachadaGet?ReferenciaCatastral=6849604VG4164H,https://www1.sedecatastro.gob.es/CYCBienInmueble/OVCListaBienes.aspx?rc1=6849604&rc2=VG4164H,525 m2,525
declined,1800-01-01T00:00:00,"""1800-01-01T23:00:00.000Z""",1800-01-01T00:00:00,"""1800-01-01T23:00:00.000Z""",217,1_residential,1,1,http://ovc.catastro.meh.es/OVCServWeb/OVCWcfLibres/OVCFotoFachada.svc/RecuperarFotoFachadaGet?ReferenciaCatastral=6849601VG4164H,https://www1.sedecatastro.gob.es/CYCBienInmueble/OVCListaBienes.aspx?rc1=6849601&rc2=VG4164H,199 m2,199
functional,1800-01-01T00:00:00,"""1800-01-01T23:00:00.000Z""",1800-01-01T00:00:00,"""1800-01-01T23:00:00.000Z""",217,1_residential,2,1,http://ovc.catastro.meh.es/OVCServWeb/OVCWcfLibres/OVCFotoFachada.svc/RecuperarFotoFachadaGet?ReferenciaCatastral=6848409VG4164H,https://www1.sedecatastro.gob.es/CYCBienInmueble/OVCListaBienes.aspx?rc1=6848409&rc2=VG4164H,366 m2,366
functional,1800-01-01T00:00:00,"""1800-01-01T23:00:00.000Z""",1800-01-01T00:00:00,"""1800-01-01T23:00:00.000Z""",217,1_residential,1,1,http://ovc.catastro.meh.es/OVCServWeb/OVCWcfLibres/OVCFotoFachada.svc/RecuperarFotoFachadaGet?ReferenciaCatastral=6848403VG4164H,https://www1.sedecatastro.gob.es/CYCBienInmueble/OVCListaBienes.aspx?rc1=6848403&rc2=VG4164H,701 m2,701
functional,1800-01-01T00:00:00,"""1800-01-01T23:00:00.000Z""",1800-01-01T00:00:00,"""1800-01-01T23:00:00.000Z""",217,1_residential,1,1,http://ovc.catastro.meh.es/OVCServWeb/OVCWcfLibres/OVCFotoFachada.svc/RecuperarFotoFachadaGet?ReferenciaCatastral=6848304VG4164H,https://www1.sedecatastro.gob.es/CYCBienInmueble/OVCListaBienes.aspx?rc1=6848304&rc2=VG4164H,104 m2,104
functional,1800-01-01T00:00:00,"""1800-01-01T23:00:00.000Z""",1800-01-01T00:00:00,"""1800-01-01T23:00:00.000Z""",217,1_residential,12,8,http://ovc.catastro.meh.es/OVCServWeb/OVCWcfLibres/OVCFotoFachada.svc/RecuperarFotoFachadaGet?ReferenciaCatastral=6647002VG4164F,https://www1.sedecatastro.gob.es/CYCBienInmueble/OVCListaBienes.aspx?rc1=6647002&rc2=VG4164F,1730 m2,1730
functional,1800-01-01T00:00:00,"""1800-01-01T23:00:00.000Z""",1800-01-01T00:00:00,"""1800-01-01T23:00:00.000Z""",217,4_3_publicServices,1,0,http://ovc.catastro.meh.es/OVCServWeb/OVCWcfLibres/OVCFotoFachada.svc/RecuperarFotoFachadaGet?ReferenciaCatastral=6554605VG4165D,https://www1.sedecatastro.gob.es/CYCBienInmueble/OVCListaBienes.aspx?rc1=6554605&rc2=VG4165D,937 m2,937
functional,1805-01-01T00:00:00,"""1805-01-01T23:00:00.000Z""",1805-01-01T00:00:00,"""1805-01-01T23:00:00.000Z""",212,1_residential,1,1,http://ovc.catastro.meh.es/OVCServWeb/OVCWcfLibres/OVCFotoFachada.svc/RecuperarFotoFachadaGet?ReferenciaCatastral=6742707VG4164B,https://www1.sedecatastro.gob.es/CYCBienInmueble/OVCListaBienes.aspx?rc1=6742707&rc2=VG4164B,450 m2,450
functional,1805-01-01T00:00:00,"""1805-01-01T23:00:00.000Z""",1805-01-01T00:00:00,"""1805-01-01T23:00:00.000Z""",212,1_residential,1,1,http://ovc.catastro.meh.es/OVCServWeb/OVCWcfLibres/OVCFotoFachada.svc/RecuperarFotoFachadaGet?ReferenciaCatastral=6546505VG4164F,https://www1.sedecatastro.gob.es/CYCBienInmueble/OVCListaBienes.aspx?rc1=6546505&rc2=VG4164F,555 m2,555
functional,1810-01-01T00:00:00,"""1810-01-01T23:00:00.000Z""",1810-01-01T00:00:00,"""1810-01-01T23:00:00.000Z""",207,1_residential,5,2,http://ovc.catastro.meh.es/OVCServWeb/OVCWcfLibres/OVCFotoFachada.svc/RecuperarFotoFachadaGet?ReferenciaCatastral=6848016VG4164H,https://www1.sedecatastro.gob.es/CYCBienInmueble/OVCListaBienes.aspx?rc1=6848016&rc2=VG4164H,185 m2,185
functional,1810-01-01T00:00:00,"""1810-01-01T23:00:00.000Z""",1810-01-01T00:00:00,"""1810-01-01T23:00:00.000Z""",207,1_residential,7,3,http://ovc.catastro.meh.es/OVCServWeb/OVCWcfLibres/OVCFotoFachada.svc/RecuperarFotoFachadaGet?ReferenciaCatastral=6848015VG4164H,https://www1.sedecatastro.gob.es/CYCBienInmueble/OVCListaBienes.aspx?rc1=6848015&rc2=VG4164H,869 m2,869
functional,1816-01-01T00:00:00,"""1816-01-01T23:00:00.000Z""",1816-01-01T00:00:00,"""1816-01-01T23:00:00.000Z""",201,1_residential,1,1,http://ovc.catastro.meh.es/OVCServWeb/OVCWcfLibres/OVCFotoFachada.svc/RecuperarFotoFachadaGet?ReferenciaCatastral=6854604VG4165D,https://www1.sedecatastro.gob.es/CYCBienInmueble/OVCListaBienes.aspx?rc1=6854604&rc2=VG4165D,957 m2,957
functional,1817-01-01T00:00:00,"""1817-01-01T23:00:00.000Z""",1817-01-01T00:00:00,"""1817-01-01T23:00:00.000Z""",200,1_residential,10,8,http://ovc.catastro.meh.es/OVCServWeb/OVCWcfLibres/OVCFotoFachada.svc/RecuperarFotoFachadaGet?ReferenciaCatastral=6854603VG4165D,https://www1.sedecatastro.gob.es/CYCBienInmueble/OVCListaBienes.aspx?rc1=6854603&rc2=VG4165D,1297 m2,1297
functional,1817-01-01T00:00:00,"""1817-01-01T23:00:00.000Z""",1817-01-01T00:00:00,"""1817-01-01T23:00:00.000Z""",200,1_residential,1,1,http://ovc.catastro.meh.es/OVCServWeb/OVCWcfLibres/OVCFotoFachada.svc/RecuperarFotoFachadaGet?ReferenciaCatastral=6854602VG4165D,https://www1.sedecatastro.gob.es/CYCBienInmueble/OVCListaBienes.aspx?rc1=6854602&rc2=VG4165D,1090 m2,1090
functional,1817-01-01T00:00:00,"""1817-01-01T23:00:00.000Z""",1817-01-01T00:00:00,"""1817-01-01T23:00:00.000Z""",200,1_residential,20,20,http://ovc.catastro.meh.es/OVCServWeb/OVCWcfLibres/OVCFotoFachada.svc/RecuperarFotoFachadaGet?ReferenciaCatastral=6854601VG4165D,https://www1.sedecatastro.gob.es/CYCBienInmueble/OVCListaBienes.aspx?rc1=6854601&rc2=VG4165D,2349 m2,2349
functional,1819-01-01T00:00:00,"""1819-01-01T23:00:00.000Z""",1819-01-01T00:00:00,"""1819-01-01T23:00:00.000Z""",198,4_2_retail,1,0,http://ovc.catastro.meh.es/OVCServWeb/OVCWcfLibres/OVCFotoFachada.svc/RecuperarFotoFachadaGet?ReferenciaCatastral=7050012VG4175A,https://www1.sedecatastro.gob.es/CYCBienInmueble/OVCListaBienes.aspx?rc1=7050012&rc2=VG4175A,2964 m2,2964
functional,1830-01-01T00:00:00,"""1830-01-01T23:00:00.000Z""",1830-01-01T00:00:00,"""1830-01-01T23:00:00.000Z""",187,1_residential,7,6,http://ovc.catastro.meh.es/OVCServWeb/OVCWcfLibres/OVCFotoFachada.svc/RecuperarFotoFachadaGet?ReferenciaCatastral=7048003VG4174G,https://www1.sedecatastro.gob.es/CYCBienInmueble/OVCListaBienes.aspx?rc1=7048003&rc2=VG4174G,616 m2,616
functional,1830-01-01T00:00:00,"""1830-01-01T23:00:00.000Z""",1830-01-01T00:00:00,"""1830-01-01T23:00:00.000Z""",187,4_2_retail,1,0,http://ovc.catastro.meh.es/OVCServWeb/OVCWcfLibres/OVCFotoFachada.svc/RecuperarFotoFachadaGet?ReferenciaCatastral=6946506VG4164F,https://www1.sedecatastro.gob.es/CYCBienInmueble/OVCListaBienes.aspx?rc1=6946506&rc2=VG4164F,112 m2,112
functional,1830-01-01T00:00:00,"""1830-01-01T23:00:00.000Z""",1830-01-01T00:00:00,"""1830-01-01T23:00:00.000Z""",187,4_2_retail,1,0,http://ovc.catastro.meh.es/OVCServWeb/OVCWcfLibres/OVCFotoFachada.svc/RecuperarFotoFachadaGet?ReferenciaCatastral=6846510VG4164F,https://www1.sedecatastro.gob.es/CYCBienInmueble/OVCListaBienes.aspx?rc1=6846510&rc2=VG4164F,674 m2,674
functional,1830-01-01T00:00:00,"""1830-01-01T23:00:00.000Z""",1830-01-01T00:00:00,"""1830-01-01T23:00:00.000Z""",187,1_residential,1,1,http://ovc.catastro.meh.es/OVCServWeb/OVCWcfLibres/OVCFotoFachada.svc/RecuperarFotoFachadaGet?ReferenciaCatastral=6743204VG4164D,https://www1.sedecatastro.gob.es/CYCBienInmueble/OVCListaBienes.aspx?rc1=6743204&rc2=VG4164D,423 m2,423
declined,1850-01-01T00:00:00,"""1850-01-01T23:00:00.000Z""",1850-01-01T00:00:00,"""1850-01-01T23:00:00.000Z""",167,1_residential,1,1,http://ovc.catastro.meh.es/OVCServWeb/OVCWcfLibres/OVCFotoFachada.svc/RecuperarFotoFachadaGet?ReferenciaCatastral=8254139VG4185C,https://www1.sedecatastro.gob.es/CYCBienInmueble/OVCListaBienes.aspx?rc1=8254139&rc2=VG4185C,237 m2,237
functional,1850-01-01T00:00:00,"""1850-01-01T23:00:00.000Z""",1850-01-01T00:00:00,"""1850-01-01T23:00:00.000Z""",167,1_residential,1,1,http://ovc.catastro.meh.es/OVCServWeb/OVCWcfLibres/OVCFotoFachada.svc/RecuperarFotoFachadaGet?ReferenciaCatastral=8254133VG4185C,https://www1.sedecatastro.gob.es/CYCBienInmueble/OVCListaBienes.aspx?rc1=8254133&rc2=VG4185C,261 m2,261
functional,1850-01-01T00:00:00,"""1850-01-01T23:00:00.000Z""",1850-01-01T00:00:00,"""1850-01-01T23:00:00.000Z""",167,1_residential,1,1,http://ovc.catastro.meh.es/OVCServWeb/OVCWcfLibres/OVCFotoFachada.svc/RecuperarFotoFachadaGet?ReferenciaCatastral=8254132VG4185C,https://www1.sedecatastro.gob.es/CYCBienInmueble/OVCListaBienes.aspx?rc1=8254132&rc2=VG4185C,38 m2,38
functional,1850-01-01T00:00:00,"""1850-01-01T23:00:00.000Z""",1850-01-01T00:00:00,"""1850-01-01T23:00:00.000Z""",167,1_residential,1,1,http://ovc.catastro.meh.es/OVCServWeb/OVCWcfLibres/OVCFotoFachada.svc/RecuperarFotoFachadaGet?ReferenciaCatastral=8254131VG4185C,https://www1.sedecatastro.gob.es/CYCBienInmueble/OVCListaBienes.aspx?rc1=8254131&rc2=VG4185C,73 m2,73
functional,1850-01-01T00:00:00,"""1850-01-01T23:00:00.000Z""",1850-01-01T00:00:00,"""1850-01-01T23:00:00.000Z""",167,1_residential,1,1,http://ovc.catastro.meh.es/OVCServWeb/OVCWcfLibres/OVCFotoFachada.svc/RecuperarFotoFachadaGet?ReferenciaCatastral=8254130VG4185C,https://www1.sedecatastro.gob.es/CYCBienInmueble/OVCListaBienes.aspx?rc1=8254130&rc2=VG4185C,9 m2,9
functional,1850-01-01T00:00:00,"""1850-01-01T23:00:00.000Z""",1850-01-01T00:00:00,"""1850-01-01T23:00:00.000Z""",167,1_residential,1,1,http://ovc.catastro.meh.es/OVCServWeb/OVCWcfLibres/OVCFotoFachada.svc/RecuperarFotoFachadaGet?ReferenciaCatastral=8254128VG4185C,https://www1.sedecatastro.gob.es/CYCBienInmueble/OVCListaBienes.aspx?rc1=8254128&rc2=VG4185C,140 m2,140
functional,1850-01-01T00:00:00,"""1850-01-01T23:00:00.000Z""",1850-01-01T00:00:00,"""1850-01-01T23:00:00.000Z""",167,1_residential,1,1,http://ovc.catastro.meh.es/OVCServWeb/OVCWcfLibres/OVCFotoFachada.svc/RecuperarFotoFachadaGet?ReferenciaCatastral=8254127VG4185C,https://www1.sedecatastro.gob.es/CYCBienInmueble/OVCListaBienes.aspx?rc1=8254127&rc2=VG4185C,140 m2,140
declined,1850-01-01T00:00:00,"""1850-01-01T23:00:00.000Z""",1850-01-01T00:00:00,"""1850-01-01T23:00:00.000Z""",167,1_residential,1,1,http://ovc.catastro.meh.es/OVCServWeb/OVCWcfLibres/OVCFotoFachada.svc/RecuperarFotoFachadaGet?ReferenciaCatastral=8254126VG4185C,https://www1.sedecatastro.gob.es/CYCBienInmueble/OVCListaBienes.aspx?rc1=8254126&rc2=VG4185C,26 m2,26
declined,1850-01-01T00:00:00,"""1850-01-01T23:00:00.000Z""",1850-01-01T00:00:00,"""1850-01-01T23:00:00.000Z""",167,1_residential,1,1,http://ovc.catastro.meh.es/OVCServWeb/OVCWcfLibres/OVCFotoFachada.svc/RecuperarFotoFachadaGet?ReferenciaCatastral=8254125VG4185C,https://www1.sedecatastro.gob.es/CYCBienInmueble/OVCListaBienes.aspx?rc1=8254125&rc2=VG4185C,41 m2,41
declined,1850-01-01T00:00:00,"""1850-01-01T23:00:00.000Z""",1850-01-01T00:00:00,"""1850-01-01T23:00:00.000Z""",167,1_residential,1,1,http://ovc.catastro.meh.es/OVCServWeb/OVCWcfLibres/OVCFotoFachada.svc/RecuperarFotoFachadaGet?ReferenciaCatastral=8254124VG4185C,https://www1.sedecatastro.gob.es/CYCBienInmueble/OVCListaBienes.aspx?rc1=8254124&rc2=VG4185C,20 m2,20
declined,1850-01-01T00:00:00,"""1850-01-01T23:00:00.000Z""",1850-01-01T00:00:00,"""1850-01-01T23:00:00.000Z""",167,1_residential,1,1,http://ovc.catastro.meh.es/OVCServWeb/OVCWcfLibres/OVCFotoFachada.svc/RecuperarFotoFachadaGet?ReferenciaCatastral=8254120VG4185C,https://www1.sedecatastro.gob.es/CYCBienInmueble/OVCListaBienes.aspx?rc1=8254120&rc2=VG4185C,82 m2,82
functional,1850-01-01T00:00:00,"""1850-01-01T23:00:00.000Z""",1850-01-01T00:00:00,"""1850-01-01T23:00:00.000Z""",167,1_residential,1,1,http://ovc.catastro.meh.es/OVCServWeb/OVCWcfLibres/OVCFotoFachada.svc/RecuperarFotoFachadaGet?ReferenciaCatastral=8254119VG4185C,https://www1.sedecatastro.gob.es/CYCBienInmueble/OVCListaBienes.aspx?rc1=8254119&rc2=VG4185C,36 m2,36
declined,1850-01-01T00:00:00,"""1850-01-01T23:00:00.000Z""",1850-01-01T00:00:00,"""1850-01-01T23:00:00.000Z""",167,1_residential,1,1,http://ovc.catastro.meh.es/OVCServWeb/OVCWcfLibres/OVCFotoFachada.svc/RecuperarFotoFachadaGet?ReferenciaCatastral=8254116VG4185C,https://www1.sedecatastro.gob.es/CYCBienInmueble/OVCListaBienes.aspx?rc1=8254116&rc2=VG4185C,32 m2,32
declined,1850-01-01T00:00:00,"""1850-01-01T23:00:00.000Z""",1850-01-01T00:00:00,"""1850-01-01T23:00:00.000Z""",167,1_residential,1,1,http://ovc.catastro.meh.es/OVCServWeb/OVCWcfLibres/OVCFotoFachada.svc/RecuperarFotoFachadaGet?ReferenciaCatastral=8254115VG4185C,https://www1.sedecatastro.gob.es/CYCBienInmueble/OVCListaBienes.aspx?rc1=8254115&rc2=VG4185C,17 m2,17
declined,1850-01-01T00:00:00,"""1850-01-01T23:00:00.000Z""",1850-01-01T00:00:00,"""1850-01-01T23:00:00.000Z""",167,1_residential,1,1,http://ovc.catastro.meh.es/OVCServWeb/OVCWcfLibres/OVCFotoFachada.svc/RecuperarFotoFachadaGet?ReferenciaCatastral=8241028VG4184A,https://www1.sedecatastro.gob.es/CYCBienInmueble/OVCListaBienes.aspx?rc1=8241028&rc2=VG4184A,500 m2,500
functional,1850-01-01T00:00:00,"""1850-01-01T23:00:00.000Z""",1850-01-01T00:00:00,"""1850-01-01T23:00:00.000Z""",167,1_residential,1,1,http://ovc.catastro.meh.es/OVCServWeb/OVCWcfLibres/OVCFotoFachada.svc/RecuperarFotoFachadaGet?ReferenciaCatastral=8154510VG4185C,https://www1.sedecatastro.gob.es/CYCBienInmueble/OVCListaBienes.aspx?rc1=8154510&rc2=VG4185C,48 m2,48
declined,1850-01-01T00:00:00,"""1850-01-01T23:00:00.000Z""",1850-01-01T00:00:00,"""1850-01-01T23:00:00.000Z""",167,1_residential,1,1,http://ovc.catastro.meh.es/OVCServWeb/OVCWcfLibres/OVCFotoFachada.svc/RecuperarFotoFachadaGet?ReferenciaCatastral=8154508VG4185C,https://www1.sedecatastro.gob.es/CYCBienInmueble/OVCListaBienes.aspx?rc1=8154508&rc2=VG4185C,16 m2,16
declined,1850-01-01T00:00:00,"""1850-01-01T23:00:00.000Z""",1850-01-01T00:00:00,"""1850-01-01T23:00:00.000Z""",167,1_residential,1,1,http://ovc.catastro.meh.es/OVCServWeb/OVCWcfLibres/OVCFotoFachada.svc/RecuperarFotoFachadaGet?ReferenciaCatastral=8154507VG4185C,https://www1.sedecatastro.gob.es/CYCBienInmueble/OVCListaBienes.aspx?rc1=8154507&rc2=VG4185C,19 m2,19
declined,1850-01-01T00:00:00,"""1850-01-01T23:00:00.000Z""",1850-01-01T00:00:00,"""1850-01-01T23:00:00.000Z""",167,1_residential,1,1,http://ovc.catastro.meh.es/OVCServWeb/OVCWcfLibres/OVCFotoFachada.svc/RecuperarFotoFachadaGet?ReferenciaCatastral=8154506VG4185C,https://www1.sedecatastro.gob.es/CYCBienInmueble/OVCListaBienes.aspx?rc1=8154506&rc2=VG4185C,16 m2,16
functional,1850-01-01T00:00:00,"""1850-01-01T23:00:00.000Z""",1850-01-01T00:00:00,"""1850-01-01T23:00:00.000Z""",167,1_residential,1,1,http://ovc.catastro.meh.es/OVCServWeb/OVCWcfLibres/OVCFotoFachada.svc/RecuperarFotoFachadaGet?ReferenciaCatastral=8154505VG4185C,https://www1.sedecatastro.gob.es/CYCBienInmueble/OVCListaBienes.aspx?rc1=8154505&rc2=VG4185C,22 m2,22
functional,1850-01-01T00:00:00,"""1850-01-01T23:00:00.000Z""",1850-01-01T00:00:00,"""1850-01-01T23:00:00.000Z""",167,1_residential,1,1,http://ovc.catastro.meh.es/OVCServWeb/OVCWcfLibres/OVCFotoFachada.svc/RecuperarFotoFachadaGet?ReferenciaCatastral=8154504VG4185C,https://www1.sedecatastro.gob.es/CYCBienInmueble/OVCListaBienes.aspx?rc1=8154504&rc2=VG4185C,55 m2,55
declined,1850-01-01T00:00:00,"""1850-01-01T23:00:00.000Z""",1850-01-01T00:00:00,"""1850-01-01T23:00:00.000Z""",167,1_residential,1,1,http://ovc.catastro.meh.es/OVCServWeb/OVCWcfLibres/OVCFotoFachada.svc/RecuperarFotoFachadaGet?ReferenciaCatastral=8154306VG4185C,https://www1.sedecatastro.gob.es/CYCBienInmueble/OVCListaBienes.aspx?rc1=8154306&rc2=VG4185C,475 m2,475
declined,1850-01-01T00:00:00,"""1850-01-01T23:00:00.000Z""",1850-01-01T00:00:00,"""1850-01-01T23:00:00.000Z""",167,1_residential,1,1,http://ovc.catastro.meh.es/OVCServWeb/OVCWcfLibres/OVCFotoFachada.svc/RecuperarFotoFachadaGet?ReferenciaCatastral=8154305VG4185C,https://www1.sedecatastro.gob.es/CYCBienInmueble/OVCListaBienes.aspx?rc1=8154305&rc2=VG4185C,284 m2,284
functional,1850-01-01T00:00:00,"""1850-01-01T23:00:00.000Z""",1850-01-01T00:00:00,"""1850-01-01T23:00:00.000Z""",167,1_residential,1,1,http://ovc.catastro.meh.es/OVCServWeb/OVCWcfLibres/OVCFotoFachada.svc/RecuperarFotoFachadaGet?ReferenciaCatastral=8154304VG4185C,https://www1.sedecatastro.gob.es/CYCBienInmueble/OVCListaBienes.aspx?rc1=8154304&rc2=VG4185C,231 m2,231
functional,1850-01-01T00:00:00,"""1850-01-01T23:00:00.000Z""",1850-01-01T00:00:00,"""1850-01-01T23:00:00.000Z""",167,1_residential,1,1,http://ovc.catastro.meh.es/OVCServWeb/OVCWcfLibres/OVCFotoFachada.svc/RecuperarFotoFachadaGet?ReferenciaCatastral=8054901VG4185C,https://www1.sedecatastro.gob.es/CYCBienInmueble/OVCListaBienes.aspx?rc1=8054901&rc2=VG4185C,31 m2,31
functional,1850-01-01T00:00:00,"""1850-01-01T23:00:00.000Z""",1850-01-01T00:00:00,"""1850-01-01T23:00:00.000Z""",167,1_residential,1,1,http://ovc.catastro.meh.es/OVCServWeb/OVCWcfLibres/OVCFotoFachada.svc/RecuperarFotoFachadaGet?ReferenciaCatastral=8054502VG4185C,https://www1.sedecatastro.gob.es/CYCBienInmueble/OVCListaBienes.aspx?rc1=8054502&rc2=VG4185C,32 m2,32
functional,1850-01-01T00:00:00,"""1850-01-01T23:00:00.000Z""",1850-01-01T00:00:00,"""1850-01-01T23:00:00.000Z""",167,1_residential,1,1,http://ovc.catastro.meh.es/OVCServWeb/OVCWcfLibres/OVCFotoFachada.svc/RecuperarFotoFachadaGet?ReferenciaCatastral=8054112VG4185C,https://www1.sedecatastro.gob.es/CYCBienInmueble/OVCListaBienes.aspx?rc1=8054112&rc2=VG4185C,84 m2,84
functional,1850-01-01T00:00:00,"""1850-01-01T23:00:00.000Z""",1850-01-01T00:00:00,"""1850-01-01T23:00:00.000Z""",167,1_residential,1,1,http://ovc.catastro.meh.es/OVCServWeb/OVCWcfLibres/OVCFotoFachada.svc/RecuperarFotoFachadaGet?ReferenciaCatastral=8054111VG4185C,https://www1.sedecatastro.gob.es/CYCBienInmueble/OVCListaBienes.aspx?rc1=8054111&rc2=VG4185C,66 m2,66
